,prompt
0,4k Detailed portrait by John Singer Sargent of A woman shrouded in a cloud of smoke
1,"dslr photo, scientists in hazmat suits watching a giant massive exotic colorful tropical alien carnivorous plant eating a prisoner, extremely detailed. stark. refraction. shallow depth of field. volumetric light and shadow. ray tracing. light rays "
2,"seraphim and cherubim inside a marble, hourglass, lightning, intricate detail, volumetric lighting, epic composition, hyper detailed, ultra realistic, sharp focus, octane render, candle, volumetric, ray tracing, artstation trending, cgsociety, sense of awe, swirling mist, 4 k "
3,"A star that looks like a small single round slice of chorizo, satellite view"
4,"3 panel scene, anime girl stands under a bridge in japan at night - dramatic cozy art by wlop and okuda genso. wide angle lens. featured on pixiv, anime aesthetic. pixiv, warm aesthetic, rays of light, volumetric light, artstation, vanitas, official art, gothic, noise film photo. octane render, redshift render, ue 4 "
5,"what he wanted most of all was a friend, lithograph, watercolors, ink, m.c. escher, moebius"
6,"rick sanchez sleeveless turtleneck. digital painting, by valerian city of a thousand planets, by ruan jin #, by mandy jurgens #, by artgerm #, william - adolphe bouguerea # "
7,"Kodak Portra 400, 8K, highly detailed, major arcana art nouveau tarot style star card 3/4 extreme closeup portrait card, eye contact, focus on model, tilt shift background: famous major arcana tarot remake, transformation scene-H 768"
8,big happy blue anime slime 
9,dancers by ray caesar 
10,"pulcinella dancing drunk through the empty street of naples waving a large pizza, extremely detailed pencil sketch by silvio fiorillo, from commedia dell'arte "
11,"portrait of viktor orban as a mongol warrior, very real, very detailed, intricate, perfect face and perfect eyes, and perfect jawlines, hd "
12,"joe biden smoking a giant joint, smoke, amazing detail, realistic digital art, artstation, award winning"
13,"one victorian monolithic house, fantasy art, thousands and thousands of rooms, colossal, gargantuan, immense, massive, monstrous, tremendous, prodigious, boundless, eternal, infinite, limitless, endless, unfathomable, varied, oil painting, ants eye view, inspired by jacek yerka "
14,"cyborg portrait, by dave mckean "
15,"a splatterpunk pose of a gorgon woman with flaming snakes for hair staring into a volcano, hyperrealistic, award-winning, in the style of Tom Bagshaw, Cedric Peyravernay, Peter Mohrbacher"
16,"high school concert band orchestra practice afternoon, intricate, sharp focus, illustration, highly detailed, digital painting, concept art, matte, art by ruan jia and wlop and greg rutkowski, masterpiece "
17,"one homeless man strangles another bearded homeless man with yellow underpants, high detail, very realistic, by greg rutkowski, by james gurney ultra clear detailed "
18,"portrait of a male pirate with flowing red hair!!!!!!, airship in the background!!!!!!, lean body!!, Steampunk!!!!!!!, D&D, fantasy, simple clothing!!!!, elegant, highly detailed, digital painting, artstation, concept art, sharp focus, illustration, art by Artgerm and Greg Rutkowski and Alphonse Mucha"
19,"hyperrealistic detailed portrait of a character in a scenic environment by hsiao - ron cheng, dan hillier, fintan magee "
20,"Yahoo Finance front page August 9, 2022 screenshot"
21,"interior of mcdonald's restaurant, tables with trays with mcdonald's fries, burgers, cheeseburgers and cola on them ; people sitting at the table and eating ; the floor is covered in cotton candy and monkeys hang from the ceiling "
22,human goth groot ; adult male 3 0 years ; glowing green eyes ; scientist ; smug ; sharp face ; slender ; vampire ; wearing a high tech set of heavy metal armour ; robot ; trending on artstation ; high detail ; digital art ; in the style of berserk 
23,"a painting of a castle in the middle of a snowy mountain, a detailed matte painting by andreas rocha and greg rutkowski, featured on artstation, fantasy art, matte drawing, matte painting, artstation hq "
24,"an disney animation of the death character working in a open-space, 1970."
25,"a male patient in a wheelchair in the hospital with his wife and son standing by. happy, cheerful, smiling, intricate, face enhance, sharp focus, cinematic lighting, featured in artistation, 8 k, art by greg rutkowski, william adolphe bouguereau "
26,"Francisco Franco playing basketball at Madison Square garden, unreal engine, 4k, artstation, photorealistic"
27,"panda, professional portrait photography, candid photography, candid photography, highly detailed, accurate "
28,‚ÄúManila airport terminal 3 with a better interior‚Äù
29,"a skyscraper but makeshift squatter shacks, dystopia, sony a 7 r, f 1 1, fully frontal view, photographed by gursky "
30,"futuristic generative design sneakers with neon lights in the style of cyberdog, product shot, dynamic lighting, octane render "
31,"Ami is a 14 year old anime girl who has short, very dark blue hair that reaches her neck, and dark blue eyes. She stands at about 157 cm or 5 feet 2 inches. She is shy and wears trendy clothes"
32,"an cowboy laughing and enjoy his drink of beer with friends, photography, realistic, detailed, - n 9 "
33,"strange funny creatures peek out of the bushes in the foreground, in the background is an old university building, ultra realistic with maximum details"
34,orthographic photo of dense oversized petrol coloured jungle plant life intertwining with abstract neon signs. dark deep colours black background 
35,"The Kraken Awakes, by Shah Jahan"
36,"anya forger, highly detailed, character art, anime. "
37,"high fantasy 1 9 8 0's wargame airbrushed artwork - inspired octane render, a model wearing an iridescent clear latex jacket and colorful iridescent glittery makeup posing in a volcanic black rock landscape "
38,"portrait of a stoic vampire, red and white, white woolen turtleneck dress, flowing red ponytail hair, small demon wings from hair, symmetry face, science fantasy, extremely detailed, holographic, smooth, digital illustration, by, kuvshinov ilya, james jean, by rossdraws, frank franzzeta, sakimichan, jeremy lipking "
39,"a multilayered mixed media street art on paper bursting with nostalgic pop culture and hiphop references, punk and graffiti symbols and tattoo designs, sharp details and in focus, high resolution, flat evenly lit background, art by stikki peaches "
40,"man painfully twisted into a spiral, realistic "
41,"symmetry!! brazilian bald bouncer, muscular, tight outfit, solid cube of light, hard edges, product render retro - futuristic poster scifi, lasers and neon circuits, brown skin intricate, elegant, highly detailed, digital painting, artstation, concept art, smooth, sharp focus, illustration, dreamlike, art by artgerm "
42,"goblinface bugbear, art by artgerm and greg rutkowski and magali villeneuve, greeneyes, blackfur, d & d, fantasy, portrait, highly detailed, digital painting, trending on artstation, concept art, sharp focus, illustration "
43,donald trump as the homunculus drawing. digital art 
44,a strong horse with a rhino horn 
45,"attractive male deity casts light spell, summons attractive male lucifer morningstar. highly detailed painting by gaston bussiere, craig mullins, j. c. leyendecker 8 k "
46,"jeff bezos as an alien invader, photorealistic, cinematic lighting, highly detailed, very intricate, by hr giger "
47,"group of identical athletic humans with light blue neoprene suits and white hair standing in a line on a conveyor belt, background of advanced futuristic laboratory, sci - fi, highly detailed, hyperrealistic "
48,"movie still of socrates walking in an ancient rome marble blue bathroom with red drapery under the snow, cinestill 8 0 0 t 3 5 mm, by tarkovsky, very heavy grain, high quality, high detail, very low angle "
49,"black - haired girl with wild spiky black saiyan hair with long bangs over her eyes, standing next to salty sailor men, wearing casual clothing, standing on an alaskan fishing vessel, mekoryuk, alaska, 1 9 6 5, polaroid, kodachrome, grainy photograph "
50,product shot of an Xbox 720
51,"anime manga skull portrait young woman skeleton, artgerm, painterly, logo, graffiti, elegant, highly detailed, digital art, art by jc leyendecker and sachin teng "
52,"close up of winnie the pooh cooking a hog roast, cinematographic shot, by daniel f. gerhartz "
53,"a detailed illustration of a lonely girl against the background of a ravaged city and a red moon, artstation, by Mandy Jurgens, sophisticated, Unreal engine, dystopia, anti-utopia, post processing, nostalgic melancholic artwork, intricate"
54,the royal king's pomeranian by greg hildebrant fancy rococo baroque regal puppy oil painting high quality award winning clothed in fancy garb 
55,"only with red, a red superhero with mantle raise, in a red city, red broken toys on the floor, in the style of beksinski, parts by edward hopper, parts by rodcenko, parts by yue minjun, intricate and epic composition, red by caravaggio, insanely quality, highly detailed, masterpiece, red light, artstation, 4 k "
56,"light bohemian teen pinterest  floral fantasy fashion zine photography, teen magical girl girl styled in a yellow and silver patterned bright dress layers geometric festival face paint and ornate crystal chain jewelry headpiece, elaborate enchanted ritual scene, wide shot"
57,dog in the style of cyberpunk cowboy bebop 
58,"sky transitioning from day to night, one half is sunny, other half is starry and dark, empty field, illustrated by peggy fortnum and beatrix potter and sir john tenniel "
59,"award winning photo of some melancholy as antonioni would depict it, she is 2 3, she is beautiful, british journal of photography, photorealistic, closeup, black and white, insanely detailed, facial features details, foggy like in norwegian black metal anesthetic "
60,"cookie monster sits on a throne made of cookies, demon from the dictionarre infernal, etching by louis le breton, 1 8 6 9, 1 2 0 0 dpi scan, ultrasharp detail, clean scan "
61,"a picture of an alien planet, taken from orbit, dark blue planet, red narrow lava rivers, center of the frame "
62,"only with red, uncle scrooge buys a red canvas, a lot of money on the ground, in the moma museum, in the style of beksinski, parts by edward hopper, parts by rodcenko, parts by yue minjun, intricate and epic composition, red by caravaggio, insanely quality, highly detailed, masterpiece, red light, artstation, 4 k "
63,"a professional photographic view picture of a giant neon robot coming out of the dark ocean ,photographic filter unreal engine 5 realistic hyperdetailed 8k ultradetail cinematic concept art volumetric lighting, fantasy artwork, very beautiful scenery, very realistic painting effect, hd, hdr, cinematic 4k wallpaper, 8k, ultra detailed, high resolution, artstation trending on artstation in the style of Albert Dros glowing rich colors powerful imagery nasa footage drone footage drone photography"
64,valuable first Magic the Gathering card found from 1842 Horse
65,"complex 3 d render hyper detailed ultra sharp beautiful futuristic close - up stunning biomechanical humanoid woman with carved porcelain ivory fair face, iris van herpen daisies corals cyberpunk filigree lace haute couture headdress with rhizomorph finials spires, white mecha, brackets, fractal red puffballs, octane render, dof, 8 k "
66,"an array of tesla coils inside a shattered glass dome in a warehouse, tesla coils, shattered wall, trending on artstation, isometric painting by totem 2, ashley wood, jeremy mann, award winning masterpiece, symmetrically isometrically centered "
67,"mysterious figure wearing a synthwave punk cyber cybernetic trenchcoat. photograph, postapocalyptic, over the shoulder, fashion, vimeo netflix, decorated punk trenchcoat. motorcross helmet. gentleman elegant magician. fancy, decorated, eerie. dove and bunny symbolisms. "
68,the batmobile trapped in the flow of time. photorealistic. octane render. 8 k. monochrome. cinematic. 
69,"expressive oil painting, of alluring european princess, seductive look, smirk, smooth glowing skin, glistening body, love, adoration, sweat, full body tattoos, ornate headpiece made from stones, glamour shot, by yoshitaka amano, by greg rutkowski, by jeremyg lipkinng, by artgerm, digital art, octane render, grunge aesthetic "
70,"painting of a cloaked tech priest holding a book, cybernetic enhancements attached to his body, covered in wiring, praise the omnissaiah, Zdzislaw Beksinski, Lewis Jones, mattias adolfsson, Warhammer 40K!!, cold hue's, cold tone gradient background, concept art, digital painting"
71,A portrait painting of a siberian husky by Rembrandt
72,"Donald Trump with silver-violet hair, white eyes and golden glittery dress, wide lens, diorama, 4k,"
73,"man reading newspaper in a bar, dieselpunk "
74,"gorgeous woman wearing a tanktop, with light blonde shoulder-length hair, in the style of Ilya Kuvshinov and mark arian"
75,"the interior of a car at night time as its raining, digital art"
76,"color portrait of stalin, accurate digital art "
77,"a portrait of lucifer, concept art, deep focus, intricate, highly detailed, digital painting, artstation, matte, sharp focus, illustration, art by greg rutkowski and alphonse mucha "
78,"Big head man with giant moon like bald head, digital art rendering 4k HD"
79,"suburbs, sunrise, backlighting, giant ash tree, broken metal fence, polluted city panorama far away, gouache matte painting by pixar studio makoto shinkai "
80,"a film still of The Terminator in a red woman dress, long shot"
81,"video game cover, reaper dressed with a cape surrounded by demons, mid view, design on a black background, by studio muti, greg rutkowski makoto shinkai takashi takeuchi studio ghibli "
82,"mysterious shimmering beautiful translucent mutated slime creature, silver, transparent parts, surrounded by nature, foggy, close - up, macro, concept art, intricate, detailed, award - winning, cinematic, octane render, 8 k, photorealistic, by emil melmoth, by wayne barlowe "
83,"painting of a necro goddess, highly detailed, digital painting, artstation, concept art, matte, smooth, sharp focus, illustration, art by yoji shinkawa, willem claesz heda and j. dickenson, 8 k "
84,"Girl with dark brown hair, on her phone, in a bright room, contemplating if she should join a group chat, trending on artstation, artstationHQ, artstationHD, artstation photorealism, 4k, 8k"
85,"Psychedelic Inter-dimensional freemasonic occultic chequered trippy dreamscape in the style of a photo-realistic album cover by Howard Finster,  Michael Cheval (unreal engine, 3d highly detailed, 8k, UHD, fantasy, dream, otherworldly, bizzare, spirals, colourful, vivid)"
86,"Dave Grohl, wearing a suit, sitting behind a desk, working in a call center, polaroid photograph, upscaled to 4k"
87,"ethereal beautiful woman with long curly hair in romany gypsy outfit, high detail, detailed dark eyeshadow, brown dark aesthetic, fantasy "
88,"kate upton in floral dress, 3 d render, pop art of kate upton wearing a neon floral dress, vivid colors, negative colors, high contrast, big shadows, high definition, artstation, concept art "
89,a tortoise speeding 8 8 mph back to the future 
90,cartoon punk with a green mohawk and a black leather jacket on a pirate ship 
91,"an epic painting megapolis, oil on canvas, cold colors, perfect composition, golden ratio, beautiful detailed, photorealistic, digital painting, artstation, concept art, smooth, sharp focus, illustration, cyberpunk background, artstation trending, octane render, unreal engine"
92,"a fairy dancer dressed in a very elegant dress, with beautiful bohemian details, in the center of a paris street, city lights, by artgerm "
93,"real life cat - like pokemon, cute!!!, heroic!!!, adorable!!!, playful!!!, chubby!!! fluffly!!!, happy!!!, cheeky!!!, mischievous!!!, ultra realistic!!!, spring time, slight overcast weather, golden hour, sharp focus "
94,4k mushroom
95,"lord of the rings the gates of night, melkor, painted by zdzis≈Çaw beksinski "
96,bridget guilty gear beating harry potter in professional wrestling match 
97,"cute miss mascot dardargnan dardargnan beedrill pokemon sticker art, cronobreaker, beeple game icon "
98,"doc savage, D&D, fantasy, portrait, highly detailed, digital painting, trending on artstation, concept art, sharp focus, illustration, art by artgerm and greg rutkowski and magali villeneuve"
99,"propaganda poster, miley cyrus, close up, portrait, shouting "
100,"realistic detailed image of a little  small boy in a ##hospital bed## in a huge sand desert. sand falls from the sky in to eternal eternity doom of outer space.  by  Ayami Kojima, Amano, Karol Bak, Greg Hildebrandt, and Mark Brooks, Neo-Gothic, gothic, rich deep colors. Beksinski painting, part by Adrian Ghenie and Gerhard Richter. art by Takato Yamamoto. masterpiece .ntricate artwork by Tooth Wu and wlop and beeple, greg rutkowski, very coherent symmetrical artwork, cinematic, hyper realism, high detail, octane render, unreal engine, 8k, Vibrant colors, Smooth gradients, High contrast, depth of field. by Katsuhiro Otomo, full body character drawing, inspired by Evangeleon, clean ink detailed line drawing, intricate detail, extremely detailed, 8k. painting by Arthur Rackham, Eugene de Blaas, Frederic Leighton"
101,"simple amish shepherds with flocks of sheep in open fields, art by anders zorn, wonderful masterpiece by greg rutkowski, beautiful cinematic light, american romanticism thomas lawrence, greg rutkowski "
102,ishta 
103,"Manga cover portrait of an extremely cute and adorable beautiful Totoro playing Dance Dance Revolution, 3d render diorama by Hayao Miyazaki, official Studio Ghibli still, color graflex macro photograph, Pixiv, DAZ Studio 3D"
104,"Cthulhu appearing as a minecraft mob, in game screenshot"
105,"exterior view of istiqlal mosque tokyo at night, promotional architectural photo, but in setting of japanese cyberpunk, neon tones, cgsociety, artstation"
106,"an epic comic book style full body portrait painting of shirtless Meliodas bubble head, elegant, character design by Mark Ryden and Pixar and Hayao Miyazaki, unreal 5, DAZ, hyperrealistic, octane render, cosplay, RPG portrait, dynamic lighting, intricate detail, summer vibrancy, cinematic"
107,"painting of a boy fixing his robot by Lohmuller Gyuri and Victo Ngai, high angle, oil on canvas"
108,"Dramatic Portrait of Eunha from Viviz and gFriend with short hair wearin purple overall shorts, short puffy pants, white tights, Golden Ribbon, and a billowy scarf. Flowing Fabric. masterpiece 4k digital illustration by WLOP and JoAsLin and Ruan Jia and Mandy Jurgens and Artgerm and greg rutkowski and Alexander Tsaruk. award winning, Artstation, art nouveau aesthetic, Alphonse Mucha background, intricate details, realistic, panoramic view, Hyperdetailed, 8k resolution, intricate art nouveau"
109,"Dragon from game of thrones as russian matryoshka toy,"
110,"hyperdetailed mei from overwatch as a disney pixar character, hd texture, beautiful 3D render, 8k, octane render, soft lighting, stylized, in the snow, golden hour"
111,werewolf from van helsing unreal engine hyperreallistic render 8k character concept art masterpiece
112,"mr. krabs in black lipstick rolling his eyes like a goth teenager, final fantasy character concept by yoshitaka amano, woodcut printing, etching, interacte smooth flowing lines, intracate brushwork, watercolors and acrylics - 9 "
113,frank ocean making music in the studio
114,Mirrors coming alive
115,"high detail photo of a akita inu dog waiting alone at an empty foggy train station, orange green lighting, desolate, atmospheric, hazy, 8k, reflections"
116,website icons with white background 
117,"3 d portrait of a gundam robot skateboarder on a skateboard, tall palm trees in the background, skateboarding, venice beach, sandy beach, vintage board, concept art, intricate details, octane render, trending on artstation, summer vibe "
118,the secret elixer in its secret hiding spot fantasy digital 4 k greg rutkowski art station 
119,An enchanted fantasy waterfall. Cinematic lighting. Photorealism.
120,"girl with blonde hair and red eyes wearing headphones, sleeveless turtleneck. digital painting, by valerian city of a thousand planets, by ruan jin #, by mandy jurgens #, by artgerm #, william - adolphe bouguerea # "
121,"group of mice wearing chef hats, cooking steak in the kitchen"
122,"a walking dead style poster of Kermit the frog, serious, black and white, dirtied with mud stains, looks like an old wild west wanted poster, realistic"
123,"giant stomping foot on city, cinematic, stunning, elegant, highly detailed, psychedelic, digital painting, artstation, smooth, hard focus, illustration, art by jessica rossier and and brian froud "
124,"bar refaeli's portrait!!! inside a pickle jar, olive green, octane render "
125,"portrait, by dominik mayer "
126,"intense portrait of miles davis as a medieval priest, sepia photography "
127,"a young boy with a hat entering a huge mysterious and fantasy forest with a distant clearing, large openpath, mushrooms, large trees with giant leaves, lush exotic vegetation, large rocks with thick moss, glowing light, large bugs and fireflies flying around, very graphic illustration by jean giraud and victo ngai, ultradetailed, clean line, color comics style, dynamic lighting, night "
128,DMT pattern
129,"full, exoplanet photography "
130,"french dinosaur walking in the streets of paris, 3 5 mm "
131,saul goodman as a grand theft auto 5 character 
132,angry man in juggernaut armor burning a desktop tower pc with a military flamethrower 
133,"stunning portrait photography of smiling beautiful medieval old lady in simple background, award wining, canon 5 d mk 4, art lens, golden hour f 1. 4, "
134,joe biden sitting on a floating ring in the ocean
135,"high quality photograph of a city street at night, photo taken at eye height, nightlife, people walking, 4 k professional photograph, nice place to live, midrise buildings, narrow streets, soft warm street lamps, small windows, cozy, trending on artstation, detailed, beautiful, photograph, realistic "
136,"ultra realistic, a cybernetic anime girl, sci - fi, intricate details, eerie, highly detailed, octane render, 8 k, art by artgerm and alphonse mucha and greg rutkowski, artstation "
137,toshiro mifune and tatsuya nakadai swordfight from the film by akira kurosawa
138,"the level's floor is colored maroon and has a playground pattern, a table with a macintosh and the walls have a funtime pattern and a smiler, and this level smells like fart, writing on the wall, wires, blood on the wall "
139,"a very old black and white photography of a giant massive hippo on the beach, tiny boat, very old photo, grainy "
140,"left hand in space, sci-fir, realistic, futuristic"
141,"a beautiful tropical landscape, portrait of a dark - skinned greek god. 2 4 mm, photorealistic, abstract, directed by mati klarwein "
142,"pretty woman standing in front of a beautiful lake in a valley in the sierra nevada mountains, "
143,an apple!!!!! made of a tennis ball 
144,"a plasticine model of a bloodthirsty zombie, photograph, sharp focus, depth of field, cinematic lighting, inspired by ray harryhausen, "
145,"realistic detailed photo rendered in octane 3d , of a fully dressed little girl in a pink dress kissing a skeleton in an old creepy haunted house, by Francis Bacon, by Ivan Bilibin, by Alex Grey, by Austin Osman Spare.,  by  Ayami Kojima, Amano, Karol Bak, Greg Hildebrandt, and Mark Brooks ,  rich deep colors. Beksinski painting,  art by Takato Yamamoto.  masterpiece.  rendered in blender, ultra realistic, smooth shading, ultra detailed, high resolution, cinematic, unreal 6"
146,"the james ensor cheese nightmare about rice chess, which is played by the rice robots "
147,"a photograph of an attractive female model with a symmetrical face surrounded by photorealistic fruits and vegetables, vivid colors, soft lighting, atmospheric, cinematic 8 k "
148,"cinematic screenshot of a delicious looking birthday cake ; crisp sharp focus ; ultra realistic, concept art, intricate details, food photography, highly detailed, photorealistic, octane render, 8 k, unreal engine. art by artgerm and greg rutkowski and charlie bowater and magali villeneuve and alphonse mucha "
149,"a portrait of a stunning beautiful elite megan fox gundam pilot, with an intricate, detailed, urban inspired hiphop afro futuristic helmet, vector behance hd jesper ejsing, rhads, makoto shinkai, lois van baarle, ilya kuvshinov, rossdraws, hd, 3 2 k, ilya kuvshinov, gustav klimt "
150,"robust, bulky and muscular iron man suit in red dead redemption 2, cinematic, photorealistic "
151,Julius Caesar ordering pizza during Roman Times by Caravaggio
152,"minimal watercolor art cute flower pots on white background, illustration, vector art "
153,"a robot looking painter, painting on a canvas, creating art, highly detailed, dramatic, award winning "
154,a banana that looks exactly like ben stiller 
155,unsettling spooky grey mars rover footage 
156,"street view, ( ( ( ( ( ( ( dystopian ) ) ) ) ) ) ) utopian!!!!!, trending on artstation, fisheye!!! lens "
157,"kodak portra 4 0 0, 8 k, wide flashlight shot of a highly detailed, britt marling style, colour still - life portrait of a large minimalistic room, rough concrete walls, square pictureframes, a picasso painting, a 1 9 6 0 s table, 6 0 s chair, 6 0 s radio "
158,"a robot in class watching a film, part by el claudio bravo, part by greg rutkowski, part by mattias adolfsson, part guilleard, isometric, 3 5 mm, ( ( ( ( volumetric lighting ) ) ) ), oil on canvas "
159,"1 9 7 0 s photography, a giant battleship sailing on brutalist city main street "
160,hindu monks on greek senete baroque painting 
161,a still of johnny depp as an animated version of himself in dragon ball z 
162,"overview wide photography of a extraordinary complex colorfull intriguing imaginative sculpture of a mythical creature animal in a museum. smooth colors gradient ( james prosek, ellen jewett, zhelong xu, beth cavener, sayaka ganz, edouard martinet, john o'reilly zhelong xu ) "
163,"a watercolor painting of a mosque in istanbul by fikret mualla saygƒ±, behance, modern european ink painting, photoillustration, storybook illustration, watercolor "
164,‚Äú Darnell Nurse getting pooped on by a bird‚Äù
165,"a gorgeous flower princess portrait by WLOP, artgerm , studio photography, mystical, detailed flowers, üå∫ , vibrant colours, cgsociety"
166,"a beautiful detailed orixa 2 d tarot card by ellen jewett, tomasz alen kopera and justin gerard "
167,"beautiful portrait painting of a hiphop lofi cyberpunk princess girl and her corgi royalty, by Alex Gross, WLOP, Josan Gonzalez, Kieron Gillen. trending on Artstation, 8k, masterpiece, face enhance, graffiti paint, fine detail, full of color, intricate detail, golden ratio illustration"
168,"portrait of girl in fantasy world, art by yuki ryota and yoshitaka amano and kimio muraoka "
169,"a portrait of an unhinged man with ginger hair, by ross tran "
170,8 5 mm food photography of a plate of cinnamon rolls with strawberries and american pancakes at a restaurant with dof and bokeh and wine glasses o 
171,"a study of cell shaded cartoon of a chibi toad driving a tank on a desert road, street lamps, road, illustration, wide shot, subtle colors, post grunge, concept art by josan gonzales and wlop, by james jean, victo ngai, highly detailed, sharp focus, trending on artstation, hq, deviantart, art by artgem "
172,"decorative stone panel ornamented with Mayan gods giving instructions on building a ufo. Mayan artifact, 4K high quality museum collection photograph"
173,"Very complicated dynamic composition, realistic anime style at Pixiv CGSociety by WLOP, ilya kuvshinov, krenz cushart, Greg Rutkowski, trending on artstation. Zbrush sculpt colored, Octane render in Maya and Houdini VFX, close-up portrait of young redhead girl in motion, she is frightened, wearing military uniform, silky hair, stunning deep eyes. Very expressive and inspirational. Amazing textured brush strokes. Cinematic dramatic soft volumetric studio lighting"
174,"illustration, sharp focus, concept art, cgsociety, symmetrical, highly detailed, bright golden eyes in the night, digital painting, blue night lighting, album cover art, art by greg rutkowski, closeup portrait of a gray owl, artstation, alphonse mucha, cinematic lighting "
175,"poster artwork by Michael Whelan and Tomer Hanuka, Karol Bak of Quentin Tarantino the local video store kerk, from scene from Twin Peaks, clean, simple illustration, nostalgic, domestic, full of details"
176,"ornate detailed, airbrushed psychedelic demon cosmic cosmos space clown "
177,an illustration of a moose giving gift bags
178,"a bull android modeled after a bull looking into the camera, android, cyborg, half body, intricate, 3 d, hyper realism, fantasy, depth of field, octane render, symmetrical, highly detailed, digital art, artstation, concept art, cinematic lighting, trending "
179,A cyberpunk cafe painted by John William Waterhouse and Ilya Kuvshinov and Edward Hopper. HD
180,"a lot of little luminous jellyfishes floating on cosmic cloudscape at sunset, futurism, dan mumford, victo ngai, kilian eng, da vinci, josan gonzalez "
181,"portrait of superhero by greg rutkowski, michael biehn wearing a olive green, black and blue kevlar gear, highly detailed portrait, digital painting, artstation, concept art, smooth, sharp foccus ilustration, artstation hq "
182,"fat fat spherical bumblebee in a flower puking pollen, airbrush 8 0 s photography, polished, 8 5 mm, intricate, sharp detailed focus airbrush "
183,"donald trump and ivanka trump in the immaculate conception as goddesses with huge massive booties, doing squats in sling string bikinis, seductive cyberpunk dark fantasy, art by artgerm and karol bak and moebius and alphonse mucha and greg rutkowski, hyperdetailed, ultrarealistic, octane render, totally gonzo "
184,"a still of charlie chaplin in avatar ( 2 0 0 9 ), cinematic "
185,milt kahl pen and ink sketch of a rabbit silhouette standing by a tree in the forest facing away disney style
186,"a mimic disguised as a basketball, fantasy, digital painting "
187,the world's fattest man in the world.
188,"zyra, wide angle view, white, black, blue, pink, gold, highly detailed, artgerm, cushart krenz, trending on artstation, soft light, sharp edges, illustration, character design, concept art "
189,"un ultra high definition studio quality photographic art portrait of a young man standing on the rooftop of a british apartment building wearing opaque soft inflatable padded iridescent refractive streetwear clothing. three point light. extremely detailed. golden ratio, ray tracing, volumetric light, shallow depth of field. set dressed. "
190,"film still of willa holland as an attractive female green arrow in the 2 0 1 7 film justice league, bleach blonde hair, focus - on - facial - details!!!!!!, minimal bodycon feminine costume, dramatic cinematic lighting, inspirational tone, suspenseful tone, promotional art "
191,"a restored photography of a collection of contemporary objects, ( ( ( fauvisme ) ) ), in the style of memphis design, ( ( ( ( ( ( ( outdoor ) ) ) ) ) ) ), ( ( ( neo modernism ) ) ), 1 9 2 0, bright colors, documentary "
192,"a portrait of gemini mother earth vs human technology character portrait made of fractals facing each other, ultra realistic, wide angle, intricate details, the fifth element artifacts, highly detailed by peter mohrbacher, hajime sorayama, wayne barlowe, boris vallejo, aaron horkey, gaston bussiere, craig mullins "
193,artwork by greg rutkowski 
194,"ultra realist and ultra intricate detailed soft painting of a beautiful young girl, thin lustrous long auburn hair, symmetry features, blue eyes, rose in hair, gothic necklace, sensual gloomy style, volumetric clouds, urban background, military, assault rifle, artstation, unreal render, depth of field"
195,"a whimsical matte painting of a winding path through magic worlds, the garden of earthly delights by heironymous bosch, vast surreal landscapes and horizon by asher durand and cyril rolando and natalie shau, insanely detailed and intricate, elite, masterpiece, elegant "
196,an anglo - saxon illuminated manuscript guide to highway signage 
197,pikachu. by arian mark 
198,"dark cyborg assassin! cloak armour made of intricate complex circuitry and microchips, iridescent, black cape, warrior, colorful, intricate linework, gothic baroque, athletic stance, human face, magical, realistic oil painting, artstation, rutkowski, wlop, chebokha, artgerm, shinkai "
199,"toad sitting on a closed thinkpad laptop, makoto shinkai, james gilleard, ilya kuvshinov, very detailed, matte, gaussian blur, tone mapped"
200,a highly detailed matte painting of a single freestanding small donut shop with neonsign by studio ghibli by artgerm 
201,marina and the diamonds froot album cover
202,a cockroach by van gogh
203,a colorful bird drinking cola by bijou karman 
204,"a very beautiful anime cat girl, white hair, matte painting, by greg rutkowski and ilya kuvshinov and alphonse maria mucha and yuumei, super clear details, hyper realistic, trending on artstation, 8 k "
205,"hyper detailed 3d render like a Oil painting - a giant moridly obese man crushing a helpless city under his feet, despair, depressing and hopeless vibe, by Jacek Yerka, Mariusz Lewandowski, Houdini algorithmic generative render, Abstract brush strokes, Masterpiece, Edward Hopper and James Gilleard, Zdzislaw Beksinski, Mark Ryden, Wolfgang Lettl, hints of Yayoi Kasuma, octane render, 8k"
206,"character concept portrait of a beautiful woman with pale face, flowerpunk, intricate, elegant, digital painting, concept art, smooth, focus, rim light "
207,"mysterious creatures, infinite quantum portal, synthwave, bright neon colors, highly detailed, cinematic, panoramic, tim white, michael whelan, roger dean, bob eggleton, lisa frank, vladimir kush, kubrick, kimura, isono "
208,"chaos by geert goiris, award - winning photography, concept art "
209,lily elsie
210,"game asset of the sims cyberpunk hongkong shadowrun furniture and decor, no characters, in gouache detailed paintings, vending machines, electric poles and box and traffic light, computer and console and mechanical, junkyard, props, stylized, 2 d sprites, kitbash, arcane, overwatch, blue and pink color scheme, 8 k, close up "
211,"beautiful mannequin sculpted out of onyx by billelis + lit with geometric neon printed lavender kintsugi!!! + doorway opening to a new dimension with geometric fractal vaporwave light + flowering bonsai trees!!!!, transcendent, clean linework, dramatic, moody, finely detailed, 4 k, trending on artstation, award winning, photorealistic, volumetric lighting, octane render "
212,cat 4K
213,a minotaur wearing steel plate armor and holding a mace
214,"black background with an isometric red orange yellow sofa with an unusual organic design based on alien bioluminescent nature aesthetic, it has plants growing onto it and is made out of rocks and glowy crystals in a hyper - detailed design, the sofa is an asset for a mobile game. low poly full black background, behance masterpiece "
215,a westie holding a sign that says hug me! 
216,an old man attached to a machine 
217,a photography by jp bonino 
218,"a copic maker portrait by yoshiyuki sadamoto, lena ker and sorayama of a detailed beautiful russian girl wearing an anorak designed by issey miyake and balenciaga "
219,"a beautiful hyperrealistic ultradetailed 3D, one girl in a magnificent McQueen couture clothes on the background of a futuristic forest, very coherent symmetrical artwork, perfect face, Designer clothes, futuristic clothes, clothes from the future, biopunk, voge photo, fashion style, fullbody, in full growth, photorealistic, high resolution, trending on artstation, highly detailed, volumetric lighting, elegant, details, good clear quality, volumetric lighting, Tree roots, portrait, moss"
220,"ballet dancer with robot legs, photorealistic "
221,beautiful model wearing roman soldier helmet with cheek flaps 
222,"beautiful stygian strange detailed portraitt of a male baroque steampunk one - eyed cyborg demon wearing a red tophat decorated with skulls and an arcane halo by hr giger, greg rutkowski, luis royo and wayne barlowe as a diablo, resident evil, dark souls, bloodborne monster "
223,"The world of lost existence, surrealistic dark fantasy art in the style of dan mumford and Zdzis≈Çaw Beksi≈Ñski, death metal artwork, trending on artstationha"
224,maltese terrier 
225,"beautiful fantasy portrait of a devil cat with green eyes, high detail, fantasy art, concept art, 4 k, ultra detail, computer art "
226,"the uss enterprie ncc 1 7 0 1 d, art by artgerm and greg rutkowski and alphonse mucha "
227,"portrait of a man by Greg Rutkowski, Henry Cavill as Jagged Fel from Star Wars Expanded Universe, scifi, highly detailed portrait, digital painting, artstation, concept art, smooth, sharp foccus ilustration, Artstation HQ"
228,creepy moon mask. by paul rumsey. dramatic lighting. chiaroscuro 
229,Portrait of a Data Engineer
230,"intricate detail, exquisite detail, atlantis, tan skin goddess lilith inanna ishtar, nefertiti lady of elche, african sybil, hazel green eyes, aqua eyebrows, aqua rapunzel afro, detailed, sandro botticelli, gaston bussiere, h. r giger, richard hescox, masterpiece, focus, "
231,"a giant lobster attacking new york city, escher, van gogh, dali "
232,imperial beautiful woman in an intricate green kimono dramatic lighting oil painting 
233,"breathtaking detailed soft painting of an intricate art nouveau frame with fire ribbons, flat black background in the middle, fireflies floating around with hyper detailed golden stained glass windows, concept art, matte, sharp focus by johannes voss and Quentin Mabille, trending on Artstation"
234,"portrait, Conan O'Brien , dramatic lighting, cinematic, establishing shot, extremely high detail, foto realistic, cinematic lighting, post processed, concept art, artstation, style by eddie mendoza, raphael lacoste, alex ross"
235,"1991 Video Game Screenshot, Anime Neo-tokyo Cyborg bank robbers vs police shootout, bags of money, Police officer hit, Bullet Holes and Blood Splatter, Hostages, Cyberpunk, Anime VFX, Violent, Action, MP5S, FLCL, Highly Detailed, 8k :4 by Katsuhiro Otomo + Studio Gainax + Arc System Works : 8 "
236,"lady gaga styled by Tim Walker posing in an expensive mansion setting , vogue magazine, Highly realistic. High resolution. Highly detailed. Dramatic. 8k.4k."
237,a character in the style of Studio Ghibli by Bruce Penningtonn and Greg Rutowski
238,photo of zombie richard nixon in the oval office 
239,"vibrant ultra clear sideview portrait of cybernetic!!! parrot! cyborg! robot by laurie greasley rene magritte gustave dore, low contrast, cinematic dramatic lighting, hyper realistic detailed intricate render, hypermaximalist, ornate, epic composition, 4 k 8 k, octane blender, sharp focus, concept art, masterpiece award winning "
240,"close portrait of mila kunis as a bodybuilder warrior standing in a busy cobbled medieval shopping street, focus length 2 0 0 mm, bright colors, epic composition, donato giancola, tim hildebrandt, wayne barlow, bruce pennington, larry elmore "
241,"mage casting dark magic ,magic aura ,Grim fantasy, D&D, HDR, natural light, shoulder level shot, dynamic pose, award winning photograph, Mucha style, 8k,"
242,"portrait of agent 4 7 as a clown, colorful, circus background, cinematic, dramatic light, fantasy, epic, high detail, inside a messy room, masterpiece, art by jisu choe "
243,charlie as daredevil 
244,üò´
245,"halloween cosplay transformation, concept art, 8 k, hyperrealistic, trending on artstation "
246,"woodstock festival with dancing hippies in tie - dye and a futuristic cyberpunk city in the distance. cyberpunk art by jesper ejsing, by rhads and makoto shinkai and lois van baarle and ilya kuvshinov and rossdraws, cgsociety, panfuturism, dystopian, bold colors, digital art, expressive brushstrokes. bohemian aesthetic "
247,"concept art of a stern looking anthro ( ( fox ) ) in a labcoat!!!!, casting a magic!!!! spell!!!!, 8 k wallpaper, commission art, highly stylized, volumetric lighting, soft lighting, plain background, tanidareal, hibbary, charles liu, dark natasha, don bluth, disney "
248,"peasant boy and girl first kiss, on a village, Cinematic focus, Polaroid photo, vintage, neutral colors, soft lights, foggy, by Steve Hanks, by Serov Valentin, by lisa yuskavage, by Andrei Tarkovsky 8k render, detailed, oil on canvas"
249,"oil painting of tracer overwatch in a field wearing spiked collar uniform, in style of steve henderson, expressive face, detailed face, detailed eyes, full body, feminine face, tracer overwatch, "
250,"concept art, lotus lanterns on the eve of ullambana festival, high resolution, cave temples of dunhuang - style, artstation "
251,"planet killer analogue mixed media collage with canvas texture in style of contemporary art, punk art, realistic emotional face, expressionism, masterpiece, spectacular quality, intricate oil details, broken glass, torn paper, large cracks, liquid paint spots, vivid harmonic colors, harmonic composition "
252,"Super Mario in the style of Hades, digital art"
253,of a teddy bear swimming in a lake with a house in the background with a dog and a cat 
254,communist clown painting soviet propaganda picasso style
255,"An adorable mustached canary, highly detailed, digital painting, artstation, concept art, sharp soft focus, studio light, by Phil and Kaja Foglio,"
256,"futuristic android riding motorcycle through space in the style of octavio ocampo naoto hattori, cg society, trending on artstation, award winning "
257,"large room, atmospheric, lone mandalorian sitting sideways to the camera with hand on his chin in thinking pose, cinematic, 4 k "
258,dreambotmothership 
259,"a land outside of time and space with floating sands and flying beasts with a Fort in the middle and water tunnels below, a man standing watching over, realistic"
260,"digital hand painted pyramid golden brick tile textures, digital art, fantasy, behance, pinterest, deviantart, artstation, design, rpg, detailed, digital art, incredible, digital painting "
261,vintage collection of 1 9 6 0 s succubus sculpture toys on display 
262,"a painting of a green frog on top of a yellow bus, cyberpunk art by android jones, behance contest winner, funk art, detailed painting, high detail, dystopian art "
263,elizabeth olsen mixed with jennifer lawrence 
264,"the ukranian people celebrating the end of the war in kiev, epic, painting "
265,animals clipart
266,a landscape whit animals by juanjo surace 
267,"a cosmic convergence within an astral apocalypse, by Ferdinand Knab and by Dan Mumford, glossy magazine art from the 1980s"
268,"2 d vivid logo, design, vector art, digital art, portrait, 4 k, 8 k, sharp focus, smooth, illustration, room, concept art "
269,Ensueno
270,"Greek Goddess Artemis in moonlit forest, surrounded by !!animals!! wearing !!leather!! !!archer!! armour, medium shot portrait by artgerm loish and WLOP, octane render, dynamic lighting, asymmetrical portrait, dark fantasy, cool toned, trending on ArtStation"
271,border collie in the style of borderlands 2. Borderlands 2 level background.
272,"ancient cave painting depicting a space shuttle, detailed drawing, cinematic composition, smooth, realistic"
273,"a cthulhu jellyfish swimming in the ocean, shutterstock contest winner, ecological art, bioluminescence, fisheye lens, wide lens, hyperrealistic "
274,"goro fujita ilustration a happy beaver eating wood by goro fujita, painting by goro fujita, sharp focus, highly detailed, artstation "
275,"close up of an itailian restaurant dining booth and table, in the center of the table is a small flickering candle filled with translucent butterflies. 4K. HDR"
276,"infp young woman, smiling amazed, golden fireflies lights, sitting in the midst of nature fully covered, long loose red hair, intricate linework, bright accurate green eyes, small nose with freckles, oval shape face, realistic, expressive emotions, dramatic lights spiritual scene, hyper realistic ultrafine art by caravaggio, artemisia lomi gentileschi, jessica rossier "
277,"floating temple amid a surreal bubble cluster , by Victo Ngai and stanley donwood - i 4"
278,"abandoned planet,a post apocalyptic earth"
279,Ethereal Goddess draped in Beautiful VantaBlack layered fabric highly detailed stitching carrying a engraved sword. Ultra HD Concept art. Fashion. Realistic. V-ray. Full body and face. Beautiful Atmospheric background. Dream like. 18mm f/1.8. Sharp. Ultra HD. 8K. 
280,"portrait of an east asian priestess, dressed in red, by donato giancola. "
281,"girl with a flower face, surreal photography, dream, standing in flower field, magical, in a valley, sunrise dramatic light, impressionist painting, colorful clouds, artstation, simon stalenhag, flower face "
282,"photo of a sitting meditating beautiful female steampunk half cyborg with a brasilian carneval mask, artwork by james jean, hyperdetailed realistic gold and purple metallic, the eyes glow blue, jean delville, art nouveau, gustav klimt, ornate copper patina gothic icon, james jean, ultrasharp hyperdetailed photorealistic octane render, long shot, "
283,"jason statham skiing, smiling, full body shot, cinematic lighting, studio quality "
284,"a beautiful portrait of a water goddess with transparent skin by Greg Rutkowski and Raymond Swanland, Trending on Artstation,  fishes background, ultra realistic digital art"
285,"award winning portrait of Karl Pilkington, on the cover of a magazine,, soft focus, f1.2,"
286,"masterpiece flemish candle light portrait of a beautiful! young woman, writing with a feather, by rembrandt and luis royo, artstation, deviant art, dark background, 8 k "
287,"Charizard in gears of war, splash art, movie still, detailed face, photorealistic facial features, cinematic lighting, dramatic, octane render, long lens, shallow depth of field, bokeh, anamorphic lens flare, 8k, hyper detailed, 35mm film grain"
288,IMG_1837.RAW
289,"sunset over the dolomite alps in summer, award winning, soft lighting, atmospheric"
290,"eldritch lovecraftian secretary, eldritch, made of cardboard, cardboard cutout "
291,"a golden apple shine from deep underwater, in a colorful natural landscape, from myazaki, detailed, "
292,"a portrait of a lovely redheaded vampire woman, wearing white robes, ( in a euphoric state ), by jon foster. "
293,"humanoid kirby walking on the sidewalk dressed in casual clothes, portra 800"
294,"emma watson triplets sisters action motion poses taolu jianshu, nanquan, changquan, daoshu, gunshu, qiangshu, nandao and nangun sketch greg rutkowski foreshortening 3 6 0 degree lois van baarle canon eos david bailey corinne day cinematic filmic photorealistic hyperdetailed cinematic lighting canon fujifilm sony alpha nikon "
295,"rolex daytona 1 1 6 5 0 9 blue dial as a main woman character by gustav klimt portrait of adele, 8 k hdr dop dof "
296,"Darth Vader walking down an infinite spiral staircase made out of diamonds,"
297,"middle-aged man with thick eyebrows, light beard, short light brown hair, amused facial expression, very detailed, fine art by Lasar Segall"
298,"an alternate universe of cats, cinematic, ray traced, octane render, cinematic lighting, ultrarealistic, featured on artstation, 8 k uhd artwork "
299,vector art of a playful female portrait art abstract paintings and illustrations by visual artist bryen frost 
300,"an adorable elf archer by krenz cushart, artgerm, alphonse mucha, akihiko yoshida "
301,"jesus cyborg adeptus mechanicus augmented body highly detailed, octane render, artstation, concept art, smooth, sharp focus, art by artgerm, wlop "
302,"a color photography of an exhibition room with an arrangement of elements / anthropological conceptual object / tropicalism / ( ( ( ( ( ( ( ( ( ( ( ( brutalism ) ) ) ) ) ) ) ) ) ) ) ) / animism, grain / shades / highly detailed / 1 2 0 0 dpi / fujifilm x - t 3 0 "
303,"utopian city in watercolors, 4 k resolution, ultra detailed, style of carlos schwabe, dariusz zawadzki, tom bagshaw, tom bagshaw, ismail inceoglu, robert mccall "
304,"portrait of two ravers in friendly costumes with detailed faces, dancing around a fire, photorealistic, octane render, dancefloor kismet, diverse costumes, clean composition, desert transition area, bonfire, night, australian desert, zaha hadid, xf iq 4, symmetry, sony a 7 r, 1 5 0 mp, 5 0 mm "
305,"an arabian desert village during an alien invasion at night, a big flying saucer ufo in the sky, dunes, oasis, palm trees, an arab standing watching over, artwork by asher brown durand "
306,"screen capture from a live - action bioshock movie. andrew ryan, played by evan peters, is shown standing in an turn of the century style office front of an immense floor - to - ceiling window looking out into the underwater city of rapture. the lights of the city are shining in the distance and an abundance of sea life is shown. "
307,"Giant grizzly bear with a poodle cut next to his 'Best in Show' trophies, Nature Photographer"
308,"hyperrealist highly detailed english medieval portrait of Escanor the Lion Sin of Pride, concept art pascal blanche dramatic studio lighting 8k wide angle shallow depth of field"
309,"portrait of a tall athletic muscular infantry man in glossy sleek white armor with tiny red details and a long red cape, heroic posture, on the surface of mars, night time, dramatic lighting, cinematic, sci-fi, hyperrealistic, movie still"
310,"a messy painting of heaven's just a kiss away, black queen phone, in the style of delphin enjolras, intricate, ultrarealistic, cinematic, dynamic lighting, artstation. "
311,"atmospheric and nostalgic summer's day storybook painting by studio ghibli of a japanese beach house by the ocean, in the anime film by Makoto Shinkai"
312,"ant - man paul rudd driving a dodge into the sun, ultra detailed fantasy, global illumination radiating a glowing aura global illumination ray tracing hdr render "
313,photo of freddie mercury meeting freddy fazbear 
314,"misty japanese bamboo forest, cell shaded, lake, waterfall!!!!!, large rocky mountain, rule of thirds, sunny, cartoony, drawing, stylized anime, sun rays, soft, by hayao miyazaki, ghibli studio, makoto shinkai, toei animation, studio trigger, trending on artstation, 4 k, hd "
315,"portrait, nightmare anomalies, leaves with a dog by miyazaki, violet and pink and white palette, illustration, kenneth blom, mental alchemy, james jean, pablo amaringo, naudline pierre, contemporary art, hyper detailed "
316,"artgerm, joshua middleton comic cover art, pretty alyson hannigan, evil dead demon, evil dead movie, red dress, symmetrical eyes, symmetrical face, long curly black hair, cinematic lighting, evil dead creature "
317,"'black chicken!!!' smoking 'cannabis'!!!!!! in front of multi monitors broadcasting studio, artwork by James Gilleard"
318,"studio shot of green apple shaped like cube, isometric perspective, green background"
319,"tibetan architecture villa, on a green hill, overlooking a valley with trees, frank lloyd wright, le corbeusier, photorealistic, birds eye view "
320,"adorable corgi furby toy, realistic concept art "
321,"an abandoned rococo salon, with colorful flowers and plants, red drapery, Dramatic, 8K, Lonely, Natural Lighting, god rays, super detailed, intricate, Octane render"
322,"portrait of a15 year old red-haired boy, f2.8 50mm lens, canon"
323,"a living room with futuristic furniture, from a Lucasarts graphic adventure game made in 1995"
324,"portrait of a fantasycore glitchcore deformed animal skull in a helmet. intricate abstract. intricate artwork. celestial. prismatic, by Alex Stevenson Diaz, disney, pixar. octane render, CGSociety very coherent symmetrical artwork. cinematic, hyper realism, high detail, octane render, 8k, holographic accents"
325,"nyarlathotep with honeycomb skin, photorealistic, royo, frazetta, laser light, crystalline shimmers, chaos, complexity, emergence, "
326,"a steampunk robot and a cyberpunk robot, face to face, water drops, sharp focus, james gilleard, cinematic, game art, extremely detailed digital painting "
327,"a dramatic ethereal epic painting of a handsome black cowboy offering a small plant | background is a fire flames conflagration forest | he is shirtless and wearing a hat and boots | tarot card, art deco, art nouveau, homoerotic | by Mark Maggiori and Alphonse Mucha | trending on artstation"
328,"sci-fi wall structure on the coronation of napoleon painting and digital billboard in the middle, unreal engine 5, keyshot, octane, artstation trending, ultra high detail, ultra realistic, cinematic, 8k, 16k, in style of zaha hadid, in style of nanospace Michael Menzelincev, in style of Lee SOUDER, in style of photogrammetry cloud in style of Dima Goryainov artstation, in plastic, dark, tilt shift,"
329,"A group of adventurers, in a dark dungeon, with torches, digital painting, concept art, dungeon, volumetric lighting, glow, Unreal Engine, 4k, by Jeszika Le Vye"
330,studio portrait of hailey baldwin as a vampire with emo clothing 
331,loneliness 
332,"A goth portrait painted by Edgar Degas. Her hair is dark brown and cut into a short, messy pixie cut. She has a slightly rounded face, with a pointed chin, large entirely-black eyes, and a small nose. She is wearing a black tank top, a black leather jacket, a black knee-length skirt, a black choker, and black leather boots."
333,vinyl 
334,"film still of elon musk and jeff bezos falling in love in when harry met sally, 4 k "
335,"a dark artistic photo of an alien creature with crazy wings, a polaroid photo"
336,"a photorealistic dramatic hyperrealistic stylish graphic color poster illustration of ac / dc highway to hell by joe fenton, color concert poster art design, beautiful dynamic dramatic dark moody lighting, shadows, cinematic atmosphere, octane render, 8 k "
337,"an extremely detailed cathedral of brutalist architecture, surrounded by lush green vegetation, stunning volumetric lighting, sunset, rusted metal, concrete, translucent material, stunning skies, scattered rubbish and debris, 8k, photorealistic, hyper detailed, unreal engine 5, IMAX quality, cinematic, epic lighting, digital painting in the style of DOOM and Quake, by Greg Rutkowski, trending on Artstation"
338,"digital portrait of an eloquent alien diamond queen, straight on, full body character concept art, concept art, by artgerm, tom bagshaw, gerald brom, vaporwave colors, lo fi colors, vaporwave, lo fi, 4 k, hd, rendered with substance designer, small details, "
339,michael scott rendered in half - life 
340,"a dreamscape of a future reality, concept art, beyond space and time. endless wonder, intricate, highly detailed, creative "
341,"medieval pub hovering in midair in a forest during the golden hour in autumn,  highly detailed 4K fantasy matte painting by Thomas Kinkade"
342,"a dimly lit room, cinematic lighting, artstation, trending, perfect composition, baroque, high renaissance, octane render, 4 k, intricate lining, by caravaggio "
343,"dismal phthalo, astrophotography by jenny saville, by raymond duchamp - villon. mixed media art. a colorful abstract composition. it is made up of geometric shapes & lines in various colors. the shapes appear to be floating in space & the colors are very bright & vibrant. "
344,Beautiful sweets background trending on artstation
345,"film still of old men laughing!!!! sitting at a round table and finger painting in a red room covered in torches directed by david lynch, vibrant colours, backlighting "
346,"a monk looking down at a vast dystopian valley alien landscape at sunrise, ruined alien architecture, cosmic, nebula highly detailed, vivid color, cinematic lighting, perfect composition, rainbowshift, 8 k, h. r giger, derek zabrocki, greg rutkowski, sangyeob park, maxfield parrish, octane render "
347,"a 1 9 th century, small hungarian village at midnight, atmospheric, hyperrealistic, detailed, hd, award winning photo by ian david soar and robert capa "
348,"a portrait of a grey old , dragon!, dragon!,  dragon!, dragon!, dragon!,dragon!, dragon!,  dragon!, dragon!, dragon!,dragon!, dragon!,  dragon!, dragon!, spiral horns!, spiral horns!, spiral horns!, werewolf,dragon! man, epic fantasy art by Greg Rutkowski"
349,"a time travel portal, clody energy vortex, in the style of Rayman legends, michael ancel, Ruan Jia and Mandy Jurgens and Greg Rutkowski, trending on Artstation, award winning, unreal engine, octane render W 1024"
350,"a surreal biomorphic painting of two humanoid figures entwined in an embrace by jenny saville and charlie immer, draped in purple and gold cloth, highly detailed, emotionally evoking "
351,"steampunk ceramic camera designed by h. r. giger,, architecture, painted by moebius and jean - michel charlier, colorful, extremely detailed faces, intricate linework, smooth, super sharp focus, colorful, high contrast, matte "
352,"concept art of a cityscape by emmanuel shiu, atmospheric, detailed, matte, godrays "
353,"1 9 3 0's classic concept car from cyberpunk 2 0 7 7. art by jesper ejsing, feng zhu, makoto shinkai, lois van baarle, ilya kuvshinov, rossdraws. clouds by rhads. global light 3 d rtx hdr "
354,"hugging the love of your life in the rain at night in a modern chinese city street, next to a canal, high quality digital art, trending on arstation, dreamlike, fog, cinematic lighting, concept art, award winning, bokeh "
355,"rugged adventurer, undercuthair, caspar van dien, bomberjacket, art by artgerm and greg rutkowski and magali villeneuve, heroic portrait, desert, sandstorm, highly detailed, digital painting, trending on artstation, concept art, sharp focus, illustration "
356,"colloidal ephemeral essence, 4 k render "
357,"a black haired woman in a black tank top, muscular upper body, D&D, fantasy, intricate, elegant, highly detailed, digital painting, artstation, concept art, smooth, sharp focus, illustration, art by artgerm and greg rutkowski and alphonse mucha"
358,"a painting of hyper realistic seahorses in underwater world, underwater - plants, atlantis, colorful corals, by ross tran and tyler edlin and andreas rocha and john howe and dan mumford, ellen jewett, wayne barlowe, zdzislaw beksinski and peter mohrbacher, higly intricate, sophisticated and complex digital painting, concept art, hyperrealism, cinema 4 d, 8 k resolution, 6 4 megapixels, cgsociety, zbrush central, behance hd, hypermaximalist, a masterpiece, parallax, geometric colorful, detailed "
359,"photo cartoon illustration comic manga painting of town center environement : 6 fantasy environement, digital painting, volumetric lighting by feng zhu, 3 d alejandro alvarez alena aenami artworks in 4 k beeple, by thomas kinkade hearstone league of legends dofus overwatch "
360,"interior of a dark dusty attic, moody "
361,"Live Action Still of Jerma in Home Alone, real life, hyperrealistic, ultra realistic, realistic, highly detailed, epic, HD quality, 8k resolution, body and headshot, film still"
362,"my shadow won't leave me be, francis bacon, edward hopper, pop whale skeleton exotic vegetation, a big aquarium, polka dot, attack on titan by francis bacon, surreal, norman rockwell, greg hildebrandt, tristan eaton, victo ngai, vibrant triadic color scheme pink and turquoise, a still from the film alien, beksinski "
363,"a beautiful painting of a train station, railway platform, summer, rail, trees, sunshine, balloons, 4 k wallpaper, very detailed, by hayao miyazaki and ghibli studio "
364,"bronze hell, liquid metal, high temperature, agony, pain, sadness, art by greg rutkowski, trending on artstation, highly detailed "
365,"a beautiful ultradetailed highly detailed unfinished building industrial architecture building nature abandoned athenaeum by buckminster fuller, wilderness infrared uv light steampunk dramatic lighting at night azeroth cosmic universe rainforest desert laser sci - fi darkacademia forest, archdaily, wallpaper, highly detailed, trending on artstation. "
366,"denim bubbles honey pearl opal ocean by artstation, deviantart, artfol, artslant artbox, cgsociety, gfxartist, artful, zatista, artpal, instagram, blendernation, frank stella, beeple, giger, kopera, zawadzki, synth - wave, hyperrealism, futurism 4 k, octane render "
367,"Aztec Disney princess meets the evil villain by Glen Keane, Disney 2D Traditional Animation, Semi Realistic Anime, symmetrical face, beautiful eyes, Disney Renaissance film, Cel Shaded, cinematic, widescreen, 4K"
368,an illustration of a city with giant cars
369,"septic death and cephalic carnage, by gerald brom and rembrandt "
370,"portrait of a human that looks like link from the legend of zelda, 4 k concept art, oil painting, artstation "
371,academic portrait of alien creature by Goya
372," overwatch video game armor concept art, muted colors, intricate painting, by  Craig Mullins, artstation, hyper detailed, cinematic"
373,"gundam 3 d photo robot ninja mask combinaison suit design by mark ryden and pixar and hayao miyazaki, unreal 5, daz, hyperrealistic, octane render, cosplay, rpg portrait, dynamic lighting, intricate detail, harvest fall vibrancy, cinematic beeple, by thomas kinkade hearstone league of legends dofus overwatch and heartstone "
374,"wide - angle textless photo, closeup light dark semidistant silhouette figures, vivid distant artistic forms, vray infinite, cinecolor, perfectionism, crisp natural sunlighting, hypermaximalist, elegant, ornate, hyper realistic, super detailed "
375,"an ancient mystical alluring female shaman generating flowing energy and surrounded by wisps of incense smoke sits meditating in a magical cybernetic robot temple, face, by vitaly bulgarov and roberto ferri, 3 d, cinema 4 d render, trending on artstation "
376,"donald trump starting in my hero academia ( high detailed, greatly illustrated, good quality, uhd, great render image, 4 k ) "
377,"nun, eva green, byzantine mosaic, torchlit "
378,"ophidian empress, medusa, D&D, fantasy, portrait, highly detailed, digital painting, trending on artstation, concept art, sharp focus, illustration, art by artgerm and greg rutkowski and magali villeneuve"
379,john marston smoking!!!!!! weed in san andreas 
380,"neo brutralism, concrete housing, an archway, pathways, stairs, concept art, colorful, vivid colors, sunshine, light, shadows, reflections, oilpainting, cinematic, 3D, in the style of Akihiko Yoshida and Edward Hopper"
381,"august 2 0, august 2 2 and august 3 0 of 2 0 2 2 "
382,pig man boris johnson attacking a cake 
383,"Character portrait of a young beautiful woman with long black hair and bangs, sunset, city, focus on facial features, large eyes, highly detailed, cel shading, Studio Ghibli still, by Makoto Shinkai and Akihiko Yoshida"
384,"a film still portrait of medieval old king, dieselpunk diesel, finely detailed features, closeup at the faces, perfect art, gapmoe yandere grimdark, trending on pixiv fanbox, painted by greg rutkowski makoto shinkai takashi takeuchi studio ghibli, akihiko yoshida "
385,"hyperrealism mixed with classicism, oil painting, close - up portrait, fashion model, fully clothes in black reflect robe, complete darkness, in style of classicism mixed with 8 0 s sci - fi hyperrealism "
386,"Nephilim destroying the earth in cosmic retribution, highly detailed digital matte painting,epic scale, intricate complexity, horror, trending on art station, photoreal, 8k, octane render"
387,"The word APE written in pen on a sheet of paper, the word APE, typesetting, font"
388,"Render of a very beautiful 3d anime girl, ahort hair, hazel eyes, cute freckles, full round face, short smile, cute bikni underboob, golden hour, serene beach setting, medium shot, mid-shot, highly detailed, trending on Artstation, Unreal Engine 4k"
389,"glorious painted temple of the forest, by Sylvain Sarrailh and Ludwig Deutsch and  Rudolf Ernst and  edmund dulac, dramatic cinematic lighting , beautiful colorful tilework, ornate architecture, smooth, sharp focus, extremely detailed"
390,"portrait of Buddhist Monk as skeleton. intricate abstract. intricate artwork. by Tooth Wu, wlop, beeple, dan mumford. octane render, trending on artstation, greg rutkowski very coherent symmetrical artwork. cinematic, hyper realism, high detail, octane render, 8k, iridescent accents"
391,"artistic rendering of a cinematic shot of a scifi fantasy desertscape, beautiful pink sky, a purple - blue brutalist bulding, processing the soul of an ancient alien "
392,"you understand that in these last few days everything, everything passed through my mind, and i was absorbed in this sad story. theo, letters, sketch, drawing. sketch by vincent van gogh, paul gauguin, francois millet "
393,an oil painting of a haunting landscape in the style of zdzis≈Çaw beksi≈Ñski
394,"palette knife painting of an alien landscape, sepia, muted colors, ((by Misun Afremov)), by Joshua Davison, by Justyna Kopania, by Joseph Lee"
395,Photograph of the first alien meet on Earth
396,the queen of England on mars eating a donut
397,"1 9 9 0 s candid 3 5 mm photo of a beautiful day in the living room, cinematic lighting, cinematic look, golden hour, a miniature amusement park in the living room is setting off fireworks, kids dance and point at the fire works, small mascots run around the room, uhd "
398,"Studio photo of Trump building a PC, detailed, hyper realistic"
399,"detailed photo of the farm of dreams, symmetry, awesome exposition, very detailed, highly accurate, intricate, professional lighting diffracted lightrays, 8 k, sense of awe, farmers magazine cover "
400,"annie liebowitz portrait of a plasma energy tron candy glass egg, made up of glowing electric micro hologram pixels. cinestill "
401,"mermaid n ancient alien autemn flora and fauna ocean sci-fi armor with ancient art-deco decor, giger style, stylized, highly detailed, trending on artstation, award winning"
402,cuphead eating a spicy taco in the beach trending on artstation digital paint 4 k render 
403,wizard with magic wand 
404,"baroque hibiscus queen, beauty portrait, intricate background, tiara, by karl spitzweg, alexi zaitsev, jean francois millet, jan van eyck. elegant, masterpiece "
405,"languid celestial orgasm of sophisticated bodies detailed mixed media collage with canvas texture in style of contemporary art, punk art, dadaism, hyperrealistic beautiful face, photorealism, expressionism, masterpiece, perfect composition, spectacular quality, intricate oil details, half - closed eyes, shattered glass "
406,"still figurine of eldritch being wearing an elegant summer blouse, lovecraftian, personification, detailed product photo, featured on amiami, 8 k, 8 5 mm, f. 1 4, beautiful composition, "
407,"full body pose, hyperrealistic mixed media painting of a beautiful attractive bikini woman, dim volumetric lighting, 8 k, octane beautifully detailed render, extremely hyper detailed, intricate, epic composition, cinematic lighting, masterpiece, trending on artstation, very very detailed, masterpiece, stunning, hdr, smooth, sharp focus, high resolution, award, winning photo, dslr, 5 0 mm "
408,"Invasion of an alien life form in Germany, black and white photography, World War II, destruction, ufo, flying saucers, laser weapons, outerspace, technology"
409,green cyborg ninja dude with his weapons
410,"beautiful closeup portrait of a black bobcut hair style futuristic magical girl in a blend of 8 0 s anime - style art, augmented with vibrant composition and color, filtered through a cybernetic lens, by hiroyuki mitsume - takahashi and noriyoshi ohrai and annie leibovitz, dynamic lighting "
411,"A Lovecraftian scary giant mechanized adorable Aardvark from Studio Ghibli Howl's Moving Castle (2004) as a 1980's Kenner style action figure, 5 points of articulation, full body, 4k, highly detailed. award winning sci-fi. look at all that detail!"
412,"portrait super hero chad pepe < : chad 2 : 1 0 0 2 9 6 1 1 8 0 5 1 3 5 4 2 1 9 5 > < : pepe : 1 0 0 4 6 2 2 7 9 3 3 9 8 3 0 9 0 0 4 > young, style artstation, style greg rutkowsk, ciberpunk, comic art book, biopunk, octane render"
413,"anthropomorphic humanoid crouching deer monster in a dark magical forest, horror, highly detailed, crouching humanoid, human-like, whole body, by Greg Rutkowski, trending on artstation, 4k"
414,"solarpunk four armed statue of the goddess of the sun helios descending from olympus, four arms, dramatic lighting, flowing dress, artstation, concept art, smooth, sharp focus, illustration, art by artgerm and greg rutkowski and alphonse mucha and william adolphe bouguereau and john william waterhouse and gianlorenzo bernini "
415,"goddess of illusion, beautiful, stunning, breathtaking, mirrors, glass, magic circle, magic doorway, fantasy, mist, bioluminescence, hyper - realistic, unreal engine "
416,"cybernetic biotech galactic bumblebee edm spaceship smoking bonsai bong | exotic jewelry | glamorous oily soft polished rich ornate modern | weta disney pixar movie still photo | hi - fructose, sci fi fantasy, golden ratio, smooth, octane render, sharp focus, artstation, concept art | beeple, mucha, rutkowski, feng zhu | "
417,mcbess illustration of Princess Zelda as Princess Jasmine
418,"painting of big thunder mountain, disney world, orlando, trending on artstation "
419,"group of smiling collegues, clean cel shaded vector art. shutterstock. behance hd by lois van baarle, artgerm, helen huang, by makoto shinkai and ilya kuvshinov, rossdraws, illustration "
420,"bubbles by artstation, deviantart, artfol, artslant artbox, cgsociety, gfxartist, artful, zatista, artpal, instagram, blendernation, frank stella, beeple, giger, kopera, zawadzki, synth - wave, hyperrealism, futurism 4 k, octane render "
421,"wall - e in yakuza like a dragon, heavy detailed, ultra high definition quality, super mario 6 4 game engine graphics "
422,wave sweets chocolate milk cocoa liquid brown dark curl flood movement incoming tide reflective river pool molten light frothy mix flavor ocean white background. with clipping path. 3 d illustration 
423,"a!! sea!! wave!! rising in the coffee cup, detailed, intricate, realistic, octane render, 3 d render "
424,"1990s polaroid photo of a backyard filled with 12 refrigerators, nostalgic"
425,"pollutionpunk soviet policeman, fog, darkness, evil, magic the gathering artwork, D&D, fantasy, cinematic lighting, centered, symmetrical, highly detailed, digital painting, artstation, concept art, smooth, sharp focus, illustration, volumetric lighting, epic Composition, 8k, art by Akihiko Yoshida and Greg Rutkowski and Craig Mullins, oil painting, cgsociety"
426,"inverse dark glowing power aura, intricate glowing brain, human brain, dark runes, dark inverted spells, half image black and white and red, portrait dnd, painting by gaston bussiere, craig mullins, greg rutkowski, yoji shinkawa "
427,diatom close up microscopic imagery 
428,"giant dragon flying in the sky,symmetrical dragon wings,symmetrical dragon wings, dragon head, dragon head, claws, claws, epic fantasy style art, galaxy theme,  by Greg Rutkowski, hearthstone style art, 00% artistic"
429,"fashion 2 0 5 0 fantastic openwork long coat with intricate pattern on a beautiful symmetrical girl with blue hair, hyper realistic photos "
430,"a polygamous fox with a hat drinking beer and smoking e - cigarette, digital art, high details "
431,"willem dafoe as victor stone, full body concept, cyborg, borg, strogg, face of a man, terminator, flesh, quake strogg, doom demon, wolfenstein, monstrous, symmetry, symmetrical, concept art by ruan jia and greg rutkowski "
432,Photo of a dolphin sitting on a motorcycle driving motorbike
433,randy savage with a ladder posing in grassy plains | fantasy watercolour painting | middle earth | game of thrones | conan | barbarian 
434,"illustration for a love wish card, clean cel shaded vector art. shutterstock. behance hd by lois van baarle, artgerm, helen huang, by makoto shinkai and ilya kuvshinov, rossdraws, illustration, art by ilya kuv, black and red "
435,"a full page concept of the alien portrait, elite, industrial design blueprint, ink on paper, scientist, labeled highly detailed, poster, Peter Mohrbacher, isometric perspective, high quality, 8K, HD"
436,league of legends champion splashart of a business man in oversized suit and an anvil shaped head 
437,jaiden animations 
438,"a kawaii woman with rainbow hair, soft eyes and narrow chin, dainty figure, long hair straight down, kawaii shirt and jeans, In style of by Jordan Grimmer and greg rutkowski, concept art, highly detailed"
439,"middle of a street, detailed painting, 4 k, hd, realistic, digital painting, artstation, by, paul bonner, aarons slim "
440,a robot in a room drawing a robot on a canvas 
441,"Street art. paralyzed by the indescribable beauty of the cosmos. fisheye lens by Paul Delvaux daring, incredible"
442,"Woman standing beside a bedside table, observing the outside of a window while unsheathing the floral drapes, illustrated by Greg Rutkowski and Gaston Bussiere, trending on artstation, 4k, 8k"
443,"‚Äúa realistic detailed photo of a guy who is an attractive humanoid who is half robot and half humanoid, who is a male android, shiny skin, muscular, beard and chiseled jawline,‚Äù"
444,"beautiful forest scenery, distant mountains, river flowing through the verdant underbrush, distant clouds, cloud shadow, late autumn, first snow, painting by albert bierstadt and thomas cole "
445,"film still of an anthropomorphic standing upright man dog white jacket husky!!!!!! in a white jacket wearing a white jacket!!!!! in the new kids movie, 8 k "
446,"very close up foot pov shot, hyperdetailed elegant beautiful stunning sexy hot anthropomorphic robot mecha female dragon, sprawling elegantly on a beach, showing mecha feet to camera, sharp silver armor, fuchsia skin, anthro art, warframe destiny fanart, foot pov, furry paw, dragon paw, furaffinity, deviantart, octane, sofurry "
447,"school girl sitting in the school bathroom - dramatic cozy poster by wlop and okuda genso. featured on pixiv, anime aesthetic. pixiv, warm aesthetic, rays of light, volumetric light, artstation, vanitas, official art, gothic, noise film photo. octane render, redshift render, ue 4 "
448,"breathtaking detailed soft painting of silver hours in the sun, through rivers caresses on pepper plains, the hand of the country on my shoulder, rembrandt style, elegant, highly detailed, artstation, concept art, matte, sharp focus, art by tom bagshaw, and greg rutkowski "
449,a 5 0's cop 
450,"a amazing piece of 3 d sci - fi art painted on glass of a beautiful seventies italian youth comedy film actress, 8 k uhd ultra resolution render. "
451,a gorilla octopus hybrid 
452,"portrait of a ghoulish victorian witch dark cheekbones holding a lantern, halloween night, charlie bowater, artgerm, ilya kuvshinov, krenz cushart, ruan jia, realism, ultra detailed, 8 k resolution "
453,International communist society of the future on the red square
454,"peaceful dreamy painting of a content black cat sitting by a window, sunshine coming through the window, small plants on the window sill, 8k, hyper realism, trending on artstation, octane render"
455,futuristic landscape vibrant digital concept art 
456,"cute skinny peasant woman orientalism face detail by theodore ralli and nasreddine dinet and anders zorn and edwin longsden long, bronze age, sword and sorcery, oil on canvas, masterful intricate artwork, excellent lighting, high detail 8 k "
457,a group of otters wreaking havoc on the streets of a small town
458,"film still of marilyn monroe dressed as princess leia, focus on faces, cinematic lighting, unreal engine, steve mccurry, volumetric lighting "
459,"a Terran marine in the Zerg race, Zerg style, StarCraft 2, nasty, dripping, creep, fantasy, nasty, smooth, fantasy, trending on artstation, fantastic, detailed, creep"
460,"close photographic portrait of a stunningly beautiful highland renaissance female with dark eye shadow makeup in soft dreamy light at sunset, beside the river, soft focus, contemporary fashion shoot, hasselblad nikon, in a denis villeneuve and tim burton movie, by edward robert hughes, annie leibovitz and steve mccurry, david lazar, jimmy nelsson, extremely detailed, breathtaking, hyperrealistic, perfect face "
461,"highly detailed portrait of a hopeful pretty astronaut lady with a wavy blonde hair, by ivan Albright , 4k resolution, nier:automata inspired, bravely default inspired, vibrant but dreary but upflifting red, black and white color scheme!!! ((Space nebula background))"
462,"a woman, standing in a dark room, holding a knife in one hand there is a bloody corpse on the floor 8 k, realism, cinematic colours. cinematic lighting, style of syd mead, style of zdzis≈Çaw beksinski, style of chris foss, 8 5 mm f / 1. 8 "
463,snake
464,singer mark anthony beating up a newborn baby with a microphone 
465,"collage of amy adams dancing through beautiful space ship, 1 9 6 0 s technicolor, ludek pesek, colorful accents, rick guidice, chesley bonestell, lucien rudaux, rolf klep, fred freeman, george pal "
466,"battle of borodino, by igor vasnetsov "
467,"aerogel iOS UI concept, sculpted out of subsurface-scattered aerogel, 140mm f/2.3 sunrise photograph of atmospheric weather trapped inside colloid refraction, roll cloud supercell flowing into a minimalist intake hole"
468,peter elson painting of a primitive wild pig chasing a robot mouse in the white desert 
469,"giant brain on throne, cinematic, intricate, abstract, artstation, greg rutkowski, dan mumford, wlop, beeple, octane render "
470,"dark souls knight as an eldritch realistic fantasy character, closeup portrait art by donato giancola and greg rutkowski, vintage retro, realistic face, digital art, trending on artstation, eldritch lovecraftian skull helmet, symmetry!! "
471,"portrait of the male god of purity : : 1, celestial hair made out of thorn : : 2, ultra - detailed, symmetrical and centered composition, eerie, the style of craig mullins and james jean, de - noise, 8 k "
472,intricately detailed pen and ink geometric generative doodle 
473,"marble statue of isis from the portico of the temple of isis, pompeii. roman, 1 st century ad. naples, museo archeologico nazionale, pastel colors, 8 k "
474,"album art, robos rock, rockband with 3 steampunk robots playing guitar and drums, r. o. b. o. s. r. o. c. k., 8 k, flourescent colors, halluzinogenic, multicolored, exaggerated detailed, front shot, 3 d render, octane "
475,"a beautiful painting of the last unicorn, ray traced lighting by rudy siswanto and greg rutkowski "
476,"a photorealistic detailed cinematic image of a beautiful vibrant iridescent future for human evolution, spiritual science, divinity, utopian, cumulus clouds, ornate artifacts, magic garden, nature preserve, isometric, by david a. hardy, kinkade, lisa frank, wpa, public works mural, socialist "
477,"a portrait of a beautiful attractive girl with a neon butterfly face head, very detailed fixed glass eyes, butterflies, ultra detailed, hyper realistic 4 k, intricate, elegant, highly detailed, centered, digital painting, artstation, concept art, smooth, sharp focus, illustration, artgerm, octane, cinema 4 d, c 4 d beeple render, cinematic, "
478,flamingo by Dali
479,Portrait Oil painting of Ghandi holds nuclear-war-head
480,"8 0 mm resin detailed miniature of a warhammer 4 0 k space marine with an incredible long sniper barrel, product introduction photos, 4 k, full body, "
481,"composition of gothic and futuristic, warhammer, cyber japan sty armor, more and more scars, thunderstorm, firestorm, blue head, white chest, some red and green, the middle ages, highly detailed, artstation, in the style of moebius, jugendstil and classic japanese print, painting by vanessa beecroft, anka zhuravleva, composition by rene magritte, jean delville "
482,Chief Keef in the backrooms
483,"lost boys peter pan never never land, darkwave, darksynth, concept art, sharp, digital matte painting, art by luis royo, greg rutkowski, wlop, dramatic lighting, trending on artstation "
484,"cute and funny, racoon riding in a tiny hot rod with oversized engine, ratfink style by ed roth, centered award winning watercolor pen illustration, isometric illustration by chihiro iwasaki, edited by range murata, tiny details by artgerm and watercolor girl, symmetrically isometrically centered "
485,"film still from the movie death race 3 0 0 0, the sequel to the movie death race 2 0 0 0, cult cinema, pulp cinema, vintage, nineteen seventies, saturated color, cinematic lighting, cinematic composition "
486,an apple icon
487,Shaq ritual coronation as the new Cannabis Pope Smithsonian institution archival award winning photograph by Sports Illustrated
488,"close - up portrait of mila kunis as a ruggedly handsome heroine body builder sitting on her large hamster beast, intricate, elegant, highly detailed, centered, artstation, concept art, smooth, sharp focus, illustration, artgerm, donato giancola, daniel f. gerhartz, joseph christian leyendecker, wlop "
489,"an alien landscape, looming surreal mountains in background, purple foliage, red grass, cinematic lighting, detailed oil painting, 8k"
490,"hyperrealistic mixed media painting of a grungy skull woman with rainbow hair, stitched together, soft eyes and narrow chin, dainty figure, long hair straight down, torn v plunge shirt, short shorts, combat boots, basic white background, side boob, wet tshirt, wet, raining, dim volumetric lighting, 8 k octane beautifully detailed render, post - processing, portrait, extremely hyper - detailed, intricate, epic composition, cinematic lighting, masterpiece, trending on artstation, very very detailed, masterpiece, stunning, "
491,"1950s Korean thriller film noir, a view of Shin Sang-ok in the middle of an empty scene, 35mm film, Cooke Varotal 20-100 T3.1"
492,"a cat on writing with chalksticks on a blackboard, teaching einstein\'s special theory of relativity. Albert Einstein himself sitting on a bench in from of the cat and studying, attending cat\'s lecture"
493,"a photo of a retro 1 9 6 0 s minimalistic clean fire warning label enamel pin, studio lighting, behance "
494,"tintype photo, swimming deep underwater, kid with huge clown"
495,sculpture of sliced pickles in the shape of abraham lincoln 
496,"a lost female angel glaring into your eyes, deep cosmic eyes, wide long wings made from dark cosmic nebulas, realistic photograph, polaroid pic by horror"
497,"california style watercolor painting of scandinavian meadow, plains, very beautiful ambient lighting, sun rays, dust, art by john singer sargent, by anders zorn, wonderful masterpiece by greg rutkowski, cinematic light, american romanticism by greg manchess, creation by tyler edlin "
498,"portrait of a ruby ultron from age of ultron, clockwork steampunk, dieselpunk, head and chest only, by beksinski, 4 k, deviantart, trending on artstation "
499,"epic - photo - of - a - bearded - barbarian, muscular, fantasy, masculine, sword, deathscape, wayne - barlowe, mid - action, ultra - detail, dramatic - lighting, octane render, "
